{
  "baseline": {
    "per_channel_db": [
      3.977329429077111,
      4.863418319550838,
      3.485512067395779,
      3.74497511970477
    ],
    "average_db": 4.0178087339321245
  },
  "yours": {
    "per_channel_db": [
      9.636354826139263,
      7.908490456374092,
      9.582271973666248,
      7.214317846010333
    ],
    "average_db": 8.585358775547483
  }
}